created,title,sentiment
2019-03-12,25 Stocks Moving In Tuesday's Pre-Market Session,0
2019-03-12,42 Stocks Moving In Tuesday's Mid-Day Session,0
2019-03-13,56 Biggest Movers From Yesterday,0
2019-03-13,48 Stocks Moving In Wednesday's Mid-Day Session,0
2019-03-14,68 Biggest Movers From Yesterday,0
2019-03-27,58 Biggest Movers From Yesterday,0
2019-03-27,31 Stocks Moving In Wednesday's Pre-Market Session,0
2019-03-27,60 Stocks Moving In Wednesday's Mid-Day Session,0
2019-03-28,71 Biggest Movers From Yesterday,0
2019-03-28,36 Stocks Moving In Thursday's Pre-Market Session,0
2019-03-28,50 Stocks Moving In Thursday's Mid-Day Session,0
2019-04-01,62 Biggest Movers From Friday,0
2019-04-02,51 Stocks Moving In Tuesday's Mid-Day Session,0
2019-04-03,54 Biggest Movers From Yesterday,0
2019-04-12,48 Stocks Moving In Thursday's Mid-Day Session,0
2019-04-15,48 Biggest Movers From Yesterday,0
2019-04-15,30 Stocks Moving In Monday's Pre-Market Session,0
2019-04-15,34 Stocks Moving In Monday's Mid-Day Session,0
2019-04-16,44 Biggest Movers From Yesterday,0
2019-04-22,The Difference Between Finding Momentum And Chasing It,0
2019-04-26,22 Stocks Moving In Friday's Pre-Market Session,0
2019-04-29,48 Biggest Movers From Friday,0
2019-05-21,"More Ship Owners Eye Wall Street Via Direct Listings, Not IPOs",0
2019-06-04,Mid-Afternoon Market Update: Digital Turbine Surges On Upbeat Earnings; Millicom International Shares Drop,1
2019-06-04,44 Stocks Moving In Tuesday's Mid-Day Session,0
2019-06-04,Mid-Day Market Update: Dow Rises Over 400 Points; Box Shares Fall On Weak Revenue Outlook,2
2019-06-04,Mid-Morning Market Update: Markets Open Higher; Tiffany Posts Downbeat Q1 Sales,2
2019-06-04,28 Stocks Moving In Tuesday's Pre-Market Session,0
2019-06-05,44 Stocks Moving In Wednesday's Mid-Day Session,0
2019-06-06,66 Biggest Movers From Yesterday,0
2019-06-18,John Fredriksen-Backed Flex LNG Makes Spotify-Style NYSE Debut,0
2019-07-30,New 52-Week Lows for Tuesday Morning,0
2019-07-31,80 Biggest Movers From Yesterday,0
2019-08-05,New 52-Week Lows For Monday Morning,0
2019-08-08,50 Industrials Stocks Moving In Thursday's After-Market Session,0
2019-08-19,Will Other Listed Ship Owners Privatize After DryShips' Exit?,0
2019-09-05,Mid-Day Market Update: Crude Oil Up 1.5%; G-III Apparel Shares Spike Higher,1
2019-09-05,55 Stocks Moving In Thursday's Mid-Day Session,0
2019-09-05,Mid-Morning Market Update: Markets Open Higher; Signet Jewelers Profit Beats Views,1
2019-09-06,6 Industrials Stocks Moving In Friday's Pre-Market Session,0
2019-09-09,64 Biggest Movers From Friday,0
2019-09-23,Ocean Shipping On Wall Street: The Sound Of Silence,0
2019-09-24,3 Industrials Stocks Moving In Tuesday's Pre-Market Session,0
2019-10-14,22 Stocks Moving in Monday's Pre-Market Session,0
2019-10-15,64 Biggest Movers From Yesterday,0
2019-10-15,40 Stocks Moving In Tuesday's Mid-Day Session,0
2019-10-16,63 Biggest Movers From Yesterday,0
2019-10-17,32 Stocks Moving In Thursday's Mid-Day Session,0
2019-10-18,13 Industrials Stocks Moving In Friday's Pre-Market Session,0
2019-10-18,27 Stocks Moving in Friday's Pre-Market Session,0
2019-10-29,9 Industrials Stocks Moving In Tuesday's Pre-Market Session,0
2019-10-29,20 Stocks Moving in Tuesday's Pre-Market Session,0
2019-11-05,54 Stocks Moving In Tuesday's Mid-Day Session,0
2019-11-06,61 Biggest Movers From Yesterday,0
2019-11-07,75 Stocks Moving In Thursday's Mid-Day Session,0
2019-11-08,94 Biggest Movers From Yesterday,0
2019-12-11,Stocks That Hit 52-Week Lows On Wednesday,0
2019-12-17,Stocks That Hit 52-Week Lows On Tuesday,0
2020-01-10,Stocks That Hit 52-Week Lows On Friday,0
2020-01-14,8 Industrial Stocks Moving In Tuesday's Pre-Market Session,0
2020-01-28,9 Industrials Stocks Moving In Monday's After-Market Session,0
2020-02-20,Stocks That Hit 52-Week Lows On Thursday,0
2020-03-16,Stocks That Hit 52-Week Lows On Monday,0
2020-03-30,16 Industrials Stocks Moving In Monday's Pre-Market Session,0
2020-03-31,13 Industrials Stocks Moving In Tuesday's Pre-Market Session,0
2020-04-06,14 Industrials Stocks Moving In Monday's Pre-Market Session,0
2020-04-16,9 Industrials Stocks Moving In Thursday's Pre-Market Session,0
2020-04-24,5 Industrials Stocks Moving In Friday's Pre-Market Session,0
2020-04-29,12 Industrials Stocks Moving In Wednesday's Pre-Market Session,0
2020-05-11,32 Stocks Moving in Monday's Pre-Market Session,0
2020-05-27,11 Industrials Stocks Moving In Wednesday's Pre-Market Session,0
2020-06-08,11 Industrials Stocks Moving In Monday's Pre-Market Session,0
2020-06-24,Mid-Afternoon Market Update: Dow Plunges 700 Points; BioSig Technologies Shares Drop,0
2020-06-24,Mid-Day Market Update: Crude Oil Down Over 5%; Color Star Technology Shares Surge,1
2020-06-24,Why Castor Maritime's Stock Is Trading Lower Today,2
2020-06-24,35 Stocks Moving in Wednesday's Pre-Market Session,0
2020-06-24,Mid-Morning Market Update: Markets Open Lower; Winnebago Industries Beats Q3 Views,1
2020-06-25,62 Biggest Movers From Yesterday,0
2020-07-06,12 Industrials Stocks Moving In Monday's Pre-Market Session,0
2020-07-13,63 Stocks Moving In Monday's Mid-Day Session,0
2020-07-14,8 Industrials Stocks Moving In Tuesday's Pre-Market Session,0
2020-07-17,42 Stocks Moving in Friday's Pre-Market Session,0
2020-07-17,10 Industrials Stocks Moving In Friday's Pre-Market Session,0
2020-07-21,45 Stocks Moving in Tuesday's Pre-Market Session,0
2020-07-21,56 Stocks Moving In Tuesday's Mid-Day Session,0
2020-07-27,Robinhood's Topsy-Turvy Top 10 Shipping Stocks,0
2020-09-11,41 Stocks Moving In Friday's Mid-Day Session,0
2020-09-14,56 Biggest Movers From Friday,0
2020-10-05,12 Industrials Stocks Moving In Monday's After-Market Session,0
2020-10-16,12 Industrials Stocks Moving In Friday's After-Market Session,0
2020-10-20,11 Industrials Stocks Moving In Tuesday's Pre-Market Session,0
2020-10-30,12 Industrials Stocks Moving In Friday's Pre-Market Session,0
2020-11-12,35 Stocks Moving in Thursday's Pre-Market Session,0
2020-11-12,46 Stocks Moving In Thursday's Mid-Day Session,0
2020-11-13,65 Biggest Movers From Yesterday,0
2020-11-19,12 Industrials Stocks Moving In Thursday's Intraday Session,0
2020-11-20,41 Stocks Moving in Friday's Pre-Market Session,0
2020-11-20,54 Stocks Moving In Friday's Mid-Day Session,0
2020-11-20,12 Industrials Stocks Moving In Friday's Intraday Session,0
2020-11-23,66 Biggest Movers From Friday,0
2020-11-25,5 Value Stocks To Watch In The Industrials Sector,0
2020-12-03,12 Industrials Stocks Moving In Thursday's After-Market Session,0
2020-12-07,12 Industrials Stocks Moving In Monday's Intraday Session,0
2020-12-08,12 Industrials Stocks Moving In Tuesday's Pre-Market Session,0
2020-12-09,12 Industrials Stocks Moving In Wednesday's After-Market Session,0
2020-12-24,12 Industrials Stocks Moving In Thursday's Pre-Market Session,0
2020-12-28,70 Biggest Movers From Thursday,0
2020-12-30,Overview Of Value Stocks In The Industrials Sector,0
2020-12-31,30 Stocks Moving in Thursday's Pre-Market Session,0
2020-12-31,44 Stocks Moving In Thursday's Mid-Day Session,0
2021-01-04,63 Biggest Movers From Thursday,0
2021-01-05,9 Industrials Stocks Moving In Tuesday's Intraday Session,0
2021-01-06,50 Stocks Moving in Wednesday's Pre-Market Session,0
2021-01-06,58 Stocks Moving In Wednesday's Mid-Day Session,0
2021-01-06,9 Industrials Stocks Moving In Wednesday's Intraday Session,0
2021-01-08,11 Industrials Stocks Moving In Friday's Intraday Session,0
2021-01-08,Why Castor Maritime's Stock is Trading Lower Today,2
2021-01-11,11 Industrials Stocks Moving In Monday's After-Market Session,0
2021-01-12,36 Stocks Moving in Tuesday's Pre-Market Session,0
2021-01-12,52 Stocks Moving In Tuesday's Mid-Day Session,0
2021-01-12,7 Industrials Stocks Moving In Tuesday's Intraday Session,0
2021-01-13,70 Biggest Movers From Yesterday,0
2021-01-13,45 Stocks Moving in Wednesday's Pre-Market Session,0
2021-01-13,61 Stocks Moving In Wednesday's Mid-Day Session,0
2021-01-13,12 Industrials Stocks Moving In Wednesday's Intraday Session,0
2021-01-14,11 Industrials Stocks Moving In Thursday's Pre-Market Session,0
2021-01-21,10 Industrials Stocks Moving In Thursday's Pre-Market Session,0
2021-01-22,11 Industrials Stocks Moving In Friday's After-Market Session,0
2021-01-27,10 Industrials Stocks Moving In Wednesday's Intraday Session,0
2021-01-28,45 Stocks Moving in Thursday's Pre-Market Session,0
2021-01-28,70 Stocks Moving In Thursday's Mid-Day Session,0
2021-01-29,101 Biggest Movers From Yesterday,0
2021-01-29,46 Stocks Moving in Friday's Pre-Market Session,0
2021-01-29,11 Industrials Stocks Moving In Friday's Pre-Market Session,0
2021-02-02,10 Industrials Stocks Moving In Tuesday's Pre-Market Session,0
2021-02-02,11 Industrials Stocks Moving In Tuesday's Intraday Session,0
2021-02-11,Why Castor Maritime's Stock Is Trading Higher Today,1
2021-02-17,41 Stocks Moving in Wednesday's Pre-Market Session,0
2021-02-17,Shipping Stocks Are Suddenly Revving Up Across The Board,2
2021-02-17,70 Stocks Moving In Wednesday's Mid-Day Session,0
2021-02-18,92 Biggest Movers From Yesterday,0
2021-02-23,12 Industrials Stocks Moving In Tuesday's After-Market Session,0
2021-02-23,48 Stocks Moving in Tuesday's Pre-Market Session,0
2021-02-23,65 Stocks Moving In Tuesday's Mid-Day Session,0
2021-02-24,88 Biggest Movers From Yesterday,0
2021-03-05,32 Stocks Moving in Friday's Pre-Market Session,0
2021-03-08,40 Stocks Moving in Monday's Pre-Market Session,0
2021-03-08,40 Stocks Moving In Monday's Mid-Day Session,0
2021-03-12,8 Reopening Stocks Under $5,0
2021-04-05,Why Is It Moving? Looking Into Why Castor Maritime's Stock is Trading Lower Today,2
2021-04-05,"Here's Why TKAT Stock, CTRM Stock And PTON Stock Are Moving Today",0
2021-04-07,Snap And Castor Maritime Are Both Reaching Key Technical Levels,0
2021-04-07,What's Going On With Snap Stock And Castor Maritime Stock Today?,0
2021-04-09,What's Going On With Moderna Stock And Castor Maritime Stock Today?,0
2021-04-12,10 Industrials Stocks Moving In Monday's Pre-Market Session,0
2021-04-15,Castor Maritime Nears End Of A Pattern: Technical Levels To Watch,0
2021-04-16,28 Stocks Moving in Friday's Pre-Market Session,0
2021-04-20,10 Industrials Stocks Moving In Tuesday's After-Market Session,0
2021-04-25,This Penny Stock Is Creeping Up To A Key Technical Level,0
2021-04-27,24 Stocks Moving in Tuesday's Pre-Market Session,0
2021-05-03,"Precipio Surges 140%, Breaks Out Of A Falling Wedge Pattern",1
2021-05-13,"If You Invested $1,000 In Castor Maritime Stock One Year Ago, Here's How Much You'd Have Now",0
2021-05-13,The QQQ Rallied Today. Here's Why.,0
2021-05-20,Are These 3 Penny Stocks About To Rally?,2
2021-05-24,35 Stocks Moving In Monday's Mid-Day Session,0
2021-05-25,52 Biggest Movers From Yesterday,0
2021-05-25,Why Castor Maritime Stock May Be In Trouble,2
2021-05-28,38 Stocks Moving In Friday's Mid-Day Session,0
2021-05-28,Stocks That Hit 52-Week Highs On Friday,0
2021-06-01,44 Biggest Movers From Friday,0
2021-06-03,Stocks That Hit 52-Week Highs On Thursday,0
2021-06-03,Why Castor Maritime Stock Is Moving Today,0
2021-06-03,Mid-Day Market Update: Gold Down 2%; Community Bankers Trust Shares Spike Higher,1
2021-06-03,10 Industrials Stocks Moving In Thursday's Intraday Session,0
2021-06-03,Mid-Afternoon Market Update: Castor Maritime Rises After Q1 Earnings; FireEye Shares Slide,0
2021-06-04,55 Biggest Movers From Yesterday,0
2021-06-04,9 Industrials Stocks Moving In Friday's Pre-Market Session,0
2021-06-17,Why Castor Maritime Shares Are Moving Today,0
2021-06-22,12 Industrials Stocks Moving In Tuesday's Intraday Session,0
2021-07-06,Castor Maritime Stock: Technical Levels To Watch,0
2021-07-12,11 Industrials Stocks Moving In Monday's Intraday Session,0
2021-08-05,So What's Up With Castor Maritime's Stock Thursday?,0
2021-08-05,68 Stocks Moving In Wednesday's Mid-Day Session,0
2021-08-06,99 Biggest Movers From Yesterday,0
2021-08-26,Castor Maritime Acquires Vessel For $18.7M; Enters New Charter Agreements,0
2021-08-26,11 Industrials Stocks Moving In Thursday's After-Market Session,0
2021-09-13,9 Industrials Stocks Moving In Monday's Intraday Session,0
2021-09-13,Castor Maritime Stock Soars On New Charter Agreements,0
2021-09-15,10 Industrials Stocks Moving In Wednesday's After-Market Session,0
2021-09-22,Castor Maritime Enters New Charter Agreements For Two Vessels,0
2021-10-07,Castor Maritime Enters New Charter Agreements For Two Carriers,0
2021-12-20,10 Industrials Stocks Moving In Monday's After-Market Session,0
2022-01-12,5 Value Stocks In The Industrials Sector,0
2022-02-07,Why Castor Maritime Shares Are Rising,1
2022-02-08,47 Biggest Movers From Yesterday,0
2022-02-09,11 Industrials Stocks Moving In Wednesday's Intraday Session,0
2022-02-10,60 Biggest Movers From Yesterday,0
2022-02-14,25 Stocks Moving in Monday's Pre-Market Session,0
2022-03-10,Castor Maritime Enters Three New Charter Agreements,0
2022-07-26,How Much Money Do Shipping CEOs Make? Here's Their 2021 Pay Info,0
2022-11-28,Why Richardson Electronics Shares Surged Over 8%; Here Are 55 Biggest Movers From Friday,1
2022-12-07,Why iBio Shares Are Trading Lower By Around 48%; Here Are 23 Stocks Moving Premarket,0
2022-12-07,Why Prometheus Biosciences Shares Are Trading Higher By Over 184%? Here Are 55 Stocks Moving In Wednesday's Mid-Day Session,1
2023-03-08,Why Castor Maritime (CTRM) Shares Are Trading Higher,1
2023-03-09,"Benzinga's 'Stock Whisper' Index: 5 Stocks Investors Are Secretly Monitoring, But Not Yet Talking About",0
